<?xml version="1.0" encoding="UTF-8"?>
<beans xmlns="http://www.springframework.org/schema/beans"
       xmlns:xsi="http://www.w3.org/2001/XMLSchema-instance"
       xmlns:context="http://www.springframework.org/schema/context"
       xmlns:util="http://www.springframework.org/schema/util"
       xmlns:aop="http://www.springframework.org/schema/aop"
       xmlns:tx="http://www.springframework.org/schema/tx"
       xmlns:cache="http://www.springframework.org/schema/cache"
       xmlns:p="http://www.springframework.org/schema/p"
       xsi:schemaLocation="http://www.springframework.org/schema/cache http://www.springframework.org/schema/cache/spring-cache-4.2.xsd
		http://www.springframework.org/schema/beans http://www.springframework.org/schema/beans/spring-beans.xsd
		http://www.springframework.org/schema/context http://www.springframework.org/schema/context/spring-context-4.2.xsd
        http://www.springframework.org/schema/util http://www.springframework.org/schema/util/spring-util-4.2.xsd
		http://www.springframework.org/schema/aop http://www.springframework.org/schema/aop/spring-aop-4.2.xsd
		http://www.springframework.org/schema/tx http://www.springframework.org/schema/tx/spring-tx-4.2.xsd">


    <bean id="dao" class="by.gto.erip.dao2.mybatis.XChangerDaoMariaDB" lazy-init="true">
        <property name="jdbcTemplate" ref="jdbcTemplate"/>
    </bean>


    <bean id="service" class="by.gto.xchanger.services.impl.XChangerServiceMariaDB" lazy-init="true">
        <property name="dao" ref="dao"/>
        <property name="pumpDao" ref="pumpDao"/>
        <property name="commonDao" ref="commonDao"/>
        <property name="txTemplate" ref="txTemplate"/>
    </bean>

    <bean id="initialLoaderBean" class="by.gto.erip.helpers.InitialLoaderBean">
        <property name="dao" ref="otherDao"/>
    </bean>

    <bean id="otherDao" class="by.gto.erip.daojdbc.OtherDAO">
        <property name="jdbcTemplate" ref="jdbcTemplate"/>
    </bean>

</beans>