<?xml version="1.0" encoding="UTF-8"?>
<beans xmlns="http://www.springframework.org/schema/beans"
       xmlns:xsi="http://www.w3.org/2001/XMLSchema-instance"
       xmlns:tx="http://www.springframework.org/schema/tx"
       xsi:schemaLocation="http://www.springframework.org/schema/beans http://www.springframework.org/schema/beans/spring-beans.xsd
		http://www.springframework.org/schema/tx http://www.springframework.org/schema/tx/spring-tx-4.2.xsd">

    <!-- Enable Annotation based Declarative Transaction Management -->
    <tx:annotation-driven proxy-target-class="true"
                          transaction-manager="transactionManager"/>

    <!-- Creating TransactionManager Bean, since JDBC we are creating of type
        DataSourceTransactionManager -->
    <bean id="transactionManager"
          class="org.springframework.jdbc.datasource.DataSourceTransactionManager">
        <property name="dataSource" ref="dataSource"/>
    </bean>

    <bean id="hikariConfigProduction" class="com.zaxxer.hikari.HikariConfig" lazy-init="true">
        <property name="username" value="XCHANGE" />
        <property name="password" value="^##KtBw3" />
        <property name="jdbcUrl" value="jdbc:firebirdsql:192.168.100.2:/var/db/to.fdb?lc_ctype=WIN1251&amp;roleName=GTO_ADMINS" />
        <property name="maximumPoolSize" value="10" />
        <property name="connectionTimeout" value="5000" />
    </bean>


    <bean id="hikariConfigDebug" class="com.zaxxer.hikari.HikariConfig" lazy-init="true" >
        <property name="username" value="sysdba"/>
        <property name="password" value="masterkey"/>
        <property name="jdbcUrl" value="jdbc:firebirdsql:127.0.0.1:c:\databases\to.fdb?lc_ctype=WIN1251&amp;roleName=GTO_ADMINS"/>
        <property name="maximumPoolSize" value="2"/>
        <property name="connectionTimeout" value="5000"/>
    </bean>

    <bean id="dataSource" class="com.zaxxer.hikari.HikariDataSource" destroy-method="close" lazy-init="true">
        <constructor-arg name="configuration" ref="hikariConfigProduction"/>
    </bean>

    <bean id="dao" class="by.gto.xchanger.dao.jdbc.XChangerDaoFirebird">
        <!--<property name="dataSource" ref="dataSource"/>-->
        <property name="jdbcTemplate" ref="jdbcTemplate"/>
    </bean>
    <bean id="jdbcTemplate" class="org.springframework.jdbc.core.namedparam.NamedParameterJdbcTemplate">
        <constructor-arg ref="dataSource"/>
    </bean>

    <bean id="service" class="by.gto.xchanger.services.impl.XChangerServiceFirebird">
        <property name="dao" ref="dao"/>
        <property name="serviceTransactional" ref="serviceTransactional"/>
    </bean>

    <bean id="serviceTransactional" class="by.gto.xchanger.services.impl.XChangerServiceTransactionalFirebird">
        <property name="dao" ref="dao"/>
    </bean>

    <bean id="inSS" class="by.gto.xchanger.storage.FileStorageSystem">
        <property name="url" value="/var/xchange/Incoming"/>
    </bean>
    <bean id="outSS" class="by.gto.xchanger.storage.FileStorageSystem">
        <property name="url" value="/var/xchange/Outgoing"/>
    </bean>
    <bean id="storageSystems" class="java.util.HashMap">
        <constructor-arg>
            <map key-type="by.gto.xchanger.storage.FileStorageSystem"
                 value-type="by.gto.xchanger.storage.FileStorageSystem">
                <entry key-ref="inSS" value-ref="outSS"/>
            </map>
        </constructor-arg>
    </bean>
    <bean id="importer" class="by.gto.xchanger.Importer">
        <property name="service" ref="service"/>
        <property name="storageSystems" ref="storageSystems"/>
    </bean>
    <!--<bean id="applicationContextProvider" class="by.gto.erip.helpers.ApplicationContextProvider"/>-->
</beans>