<?xml version="1.0" encoding="UTF-8"?>
<beans xmlns="http://www.springframework.org/schema/beans"
       xmlns:xsi="http://www.w3.org/2001/XMLSchema-instance"
       xmlns:context="http://www.springframework.org/schema/context"
       xmlns:util="http://www.springframework.org/schema/util"
       xmlns:aop="http://www.springframework.org/schema/aop"
       xmlns:tx="http://www.springframework.org/schema/tx"
       xmlns:cache="http://www.springframework.org/schema/cache"
       xmlns:p="http://www.springframework.org/schema/p"
       xsi:schemaLocation="http://www.springframework.org/schema/cache http://www.springframework.org/schema/cache/spring-cache-4.2.xsd
		http://www.springframework.org/schema/beans http://www.springframework.org/schema/beans/spring-beans.xsd
		http://www.springframework.org/schema/context http://www.springframework.org/schema/context/spring-context-4.2.xsd
        http://www.springframework.org/schema/util http://www.springframework.org/schema/util/spring-util-4.2.xsd
		http://www.springframework.org/schema/aop http://www.springframework.org/schema/aop/spring-aop-4.2.xsd
		http://www.springframework.org/schema/tx http://www.springframework.org/schema/tx/spring-tx-4.2.xsd">

    <!-- 1. настройки подключения -->
    <!-- Конфигурация подключения для тестовой БД Firebird -->
    <bean id="hikariConfig" class="com.zaxxer.hikari.HikariConfig" lazy-init="true" >
        <property name="username" value="sysdba"/>
        <property name="password" value="masterkey"/>
        <property name="jdbcUrl" value="jdbc:firebirdsql:127.0.0.1:c:\databases\to.fdb?lc_ctype=WIN1251&amp;roleName=GTO_ADMINS"/>
        <property name="maximumPoolSize" value="2"/>
        <property name="connectionTimeout" value="5000"/>
    </bean>
    <!-- 2. Настроить папки для обмена: -->
    <bean id="inSS" class="by.gto.xchanger.storage.FileStorageSystem">
        <property name="url" value="/var/xchange/Incoming"/>
    </bean>
    <bean id="outSS" class="by.gto.xchanger.storage.FileStorageSystem">
        <property name="url" value="/var/xchange/Outgoing"/>
    </bean>
    <bean id="storageSystems" class="java.util.HashMap">
        <constructor-arg>
            <map key-type="by.gto.xchanger.storage.FileStorageSystem"
                 value-type="by.gto.xchanger.storage.FileStorageSystem">
                <entry key-ref="inSS" value-ref="outSS"/>
            </map>
        </constructor-arg>
    </bean>

    <bean id="dao" class="by.gto.xchanger.dao.jdbc.XChangerDaoFirebird" lazy-init="true">
        <property name="jdbcTemplate" ref="jdbcTemplate"/>
    </bean>

    <bean id="service" class="by.gto.xchanger.services.impl.XChangerServiceFirebird" lazy-init="true">
        <property name="dao" ref="dao"/>
        <!--<property name="txTemplate" ref="txTemplate"/>-->
    </bean>
    <!-- Enable Annotation based Declarative Transaction Management -->
    <tx:annotation-driven proxy-target-class="true"
                          transaction-manager="txManager"/>


    <bean id="xChangePool" class="com.zaxxer.hikari.HikariDataSource" destroy-method="close" lazy-init="true">
        <constructor-arg name="configuration" ref="hikariConfig"/>
        <!--<constructor-arg name="configuration" value="#{ systemProperties['DEBUG'] != null ? hikariConfigTesting : hikariConfigProduction }"/>-->
    </bean>

    <bean id="importer" class="by.gto.xchanger.Importer">
        <property name="service" ref="service"/>
    </bean>


    <bean id="jdbcTemplate" class="org.springframework.jdbc.core.namedparam.NamedParameterJdbcTemplate">
        <constructor-arg ref="xChangePool"/>
    </bean>

    <bean id="txManager" class="org.springframework.jdbc.datasource.DataSourceTransactionManager">
        <property name="dataSource" ref="xChangePool"/>
    </bean>

    <bean id="txTemplate" class="org.springframework.transaction.support.TransactionTemplate">
        <property name="transactionManager" ref="txManager"/>
    </bean>

    <bean id="applicationContextProvider" class="by.gto.erip.helpers.ApplicationContextProvider"/>
    <context:component-scan base-package="by.gto.xchanger"/>

</beans>