<?xml version="1.0" encoding="UTF-8"?>
<beans xmlns="http://www.springframework.org/schema/beans"
       xmlns:xsi="http://www.w3.org/2001/XMLSchema-instance"
       xsi:schemaLocation="http://www.springframework.org/schema/beans http://www.springframework.org/schema/beans/spring-beans.xsd">
    <!-- Конфигурация подключения для тестовой БД Firebird -->
    <bean id="hikariConfig" class="com.zaxxer.hikari.HikariConfig" lazy-init="true" >
        <property name="username" value="sysdba"/>
        <property name="password" value="masterkey"/>
        <property name="jdbcUrl" value="jdbc:firebirdsql:127.0.0.1:c:\databases\to.fdb?lc_ctype=WIN1251&amp;roleName=GTO_ADMINS"/>
        <property name="maximumPoolSize" value="2"/>
        <property name="connectionTimeout" value="5000"/>
    </bean>

    <!--
        <bean id="hikariConfig" class="com.zaxxer.hikari.HikariConfig" lazy-init="true">
            <property name="username" value="XCHANGE"/>
            <property name="password" value="^##KtBw3"/>
            <property name="jdbcUrl" value="jdbc:firebirdsql:127.0.0.1:d:/databases/firebird/NEWBASE2.5.FDB?lc_ctype=WIN1251&amp;roleName=GTO_ADMINS"/>
            <property name="maximumPoolSize" value="100"/>
            <property name="connectionTimeout" value="5000"/>
        </bean>
    -->

</beans>